Name,deltaG,TIR,RBS_sequence,sequence length,logTIR
rbs_01,-1.06,1991.47,TAAGTTCTACTTCTGTTGAGGGTACATACA,30,7.6
rbs_02,-1.29,2202.69,UCCUCGAAAGAUGGAACGUGAGGUUUGUUA,30,7.7
rbs_03,-1.7,2646.3,AAUAUGAAAGAUGGCACGGGAGGUAUGCAA,30,7.88
rbs_04,-1.97,2998.72,CCGCACGACAACCTGAGAGGAGGACGAAAT,30,8.01
rbs_05,-2.31,3495.96,CCCCCCCGTAGATTGTAAGGACGATAAAGA,30,8.16
rbs_06,-2.66,4081.14,AAUAACACAGAUGGCACGGGAGGUAUCCAA,30,8.31
rbs_07,-2.98,4708.02,GCAGAATTGAGAGATAGAGGAGCAAGTTAT,30,8.46
rbs_08,-3.33,5514.43,TTCCCCCTCTTCAGGCGAGGAGGTTCAGAG,30,8.62
rbs_09,-3.65,6365.75,AAAAAGACUGAUUGCACGGGAGGAAUUCUA,30,8.76
rbs_10,-3.86,6994.52,CCCGGTTATCTAAATCAAGGGGGGATTCGA,30,8.85
rbs_11,-4.01,7497.15,TTTCGAAAACTTAAAAGGCAGGGTAGGATT,30,8.92
rbs_12,-4.29,8501.7,CGGAAATCATTTGTTTAAGGGGGTTCCTAT,30,9.05
rbs_13,-4.65,9993.37,TTTCTCAAGATCTCAAAGAAGGTAGTATTA,30,9.39
rbs_14,-5.06,12010.31,AAGTTTCGTAGGTAAGTTGGAGGTCCGCAA,30,9.51
rbs_15,-5.32,13529.01,GGTCTCGGGCACTAATCTAAGGAGGTTGGG,30,9.69
rbs_16,-5.71,16121.27,AGCUGUUAUGCUGCUUAAGGAGGUCUUGAC,30,9.81
rbs_17,-5.99,18276.22,AAAAATTCCTAAATTCAATCGGAGGGTATT,30,9.9
rbs_18,-6.19,19974.39,CTGCAAGATTTTGGGGTAGGGAGGTCAGTT,30,10.13
rbs_19,-6.69,25025.09,GAACTAGCAGGGTCCGGAGGAGGTTTTAAT,30,10.31
rbs_20,-7.09,29971.8,TTCTAAAGAAGTTGAGAAGGGGGTCAGATT,30,10.4
rbs_21,-7.3,33013.83,CTTGTTTTACCATCATAAGGAGAGTAATAT,30,10.57
rbs_22,-7.66,38757.42,CTTCAATAACTGTCCAATAGGAGGTCCAAT,30,10.72
rbs_23,-8.01,45302.08,CGGTATAGATTCAACTAAGGAGGACGATAG,30,10.87
rbs_24,-8.33,52330.59,CGTAACTATAAACTGGCTAAGGAGGTACTG,30,10.87